{"cameraMode":{"drawMode":0,"name":"Shaded","section":"Shading Mode"},"sceneLighting":true,"audioPlay":false,"sceneViewState":{"showFog":true,"showMaterialUpdate":false,"showSkybox":true,"showFlares":true,"showImageEffects":true,"showParticleSystems":true},"in2DMode":false,"pivot":{"x":10.272663116455079,"y":60.610008239746097,"z":-64.8216323852539},"rotation":{"x":-0.09098485112190247,"y":0.12276683002710343,"z":-0.011297041550278664,"w":-0.9882105588912964},"size":72.30986785888672,"orthographic":false}