{"cameraMode":{"drawMode":0,"name":"Shaded","section":"Shading Mode"},"sceneLighting":true,"audioPlay":false,"sceneViewState":{"showFog":true,"showMaterialUpdate":false,"showSkybox":true,"showFlares":true,"showImageEffects":true,"showParticleSystems":true},"in2DMode":false,"pivot":{"x":-3.921722412109375,"y":61.95671463012695,"z":9.01517105102539},"rotation":{"x":0.10292597115039826,"y":0.6090601682662964,"z":-0.08013065904378891,"w":0.7823474407196045},"size":185.16102600097657,"orthographic":false}